<?xml version="1.0" encoding="utf-8" standalone="no"?>
<!DOCTYPE properties SYSTEM "http://java.sun.com/dtd/properties.dtd">
<properties>
<comment>FileVault Package Properties</comment>
<entry key="buildCount">1</entry>
<entry key="version">1.0-SNAPSHOT</entry>
<entry key="dependencies" />
<entry key="packageFormatVersion">2</entry>
<entry key="description">cq sample Package</entry>
<entry key="group">cq sample</entry>
<entry key="name">cq-sample-content</entry>
<entry key="path">/etc/packages/cq sample/cq-sample-content-1.0-SNAPSHOT.zip</entry>
</properties>
